Fund Name,P1,P2,P3,P4,P5,Topsis Score,Rank
M1,0.92,0.85,3.1,41.8,11.67,0.6737531178165552,5
M2,0.62,0.38,6.4,47.3,13.68,0.43570402793831686,2
M3,0.9,0.81,5.7,53.0,15.1,0.7054804630678424,6
M4,0.77,0.59,4.5,46.7,13.14,0.6120544160908026,8
M5,0.79,0.62,4.0,30.6,9.0,0.35386945816981746,7
M6,0.82,0.67,3.3,37.7,10.62,0.5182311348487674,4
M7,0.72,0.52,5.6,52.1,14.74,0.5931623204781271,1
M8,0.91,0.83,3.3,37.5,10.64,0.573071647514772,3
